t,y_numerical,y_analytical,error
0.0000000000,1.0000000000,1.0000000000,0.0000000000
0.0050000000,1.0000000000,0.9999999792,0.0000000208
0.0100000000,0.9999999375,0.9999998338,0.0000001038
0.0150000000,0.9999996878,0.9999994396,0.0000002482
0.0200000000,0.9999991269,0.9999986733,0.0000004536
0.0250000000,0.9999981313,0.9999974121,0.0000007192
0.0300000000,0.9999965782,0.9999955337,0.0000010445
0.0350000000,0.9999943455,0.9999929167,0.0000014288
0.0400000000,0.9999913116,0.9999894400,0.0000018716
0.0450000000,0.9999873555,0.9999849834,0.0000023722
0.0500000000,0.9999823571,0.9999794271,0.0000029300
0.0550000000,0.9999761966,0.9999726521,0.0000035445
0.0600000000,0.9999687551,0.9999645400,0.0000042151
0.0650000000,0.9999599140,0.9999549729,0.0000049410
0.0700000000,0.9999495556,0.9999438337,0.0000057219
0.0750000000,0.9999375629,0.9999310059,0.0000065570
0.0800000000,0.9999238191,0.9999163733,0.0000074458
0.0850000000,0.9999082086,0.9998998209,0.0000083877
0.0900000000,0.9998906159,0.9998812337,0.0000093822
0.0950000000,0.9998709265,0.9998604979,0.0000104286
0.1000000000,0.9998490263,0.9998375000,0.0000115263
0.1050000000,0.9998248020,0.9998121271,0.0000126749
0.1100000000,0.9997981408,0.9997842670,0.0000138738
0.1150000000,0.9997689306,0.9997538083,0.0000151223
0.1200000000,0.9997370599,0.9997206399,0.0000164199
0.1250000000,0.9997024178,0.9996846516,0.0000177662
0.1300000000,0.9996648940,0.9996457336,0.0000191604
0.1350000000,0.9996243790,0.9996037769,0.0000206020
0.1400000000,0.9995807638,0.9995586731,0.0000220906
0.1450000000,0.9995339399,0.9995103143,0.0000236256
0.1500000000,0.9994837998,0.9994585934,0.0000252063
0.1550000000,0.9994302361,0.9994034038,0.0000268324
0.1600000000,0.9993731426,0.9993446395,0.0000285031
0.1650000000,0.9993124133,0.9992821952,0.0000302181
0.1700000000,0.9992479430,0.9992159663,0.0000319767
0.1750000000,0.9991796271,0.9991458486,0.0000337785
0.1800000000,0.9991073617,0.9990717388,0.0000356229
0.1850000000,0.9990310434,0.9989935340,0.0000375094
0.1900000000,0.9989505694,0.9989111320,0.0000394374
0.1950000000,0.9988658377,0.9988244313,0.0000414064
0.2000000000,0.9987767469,0.9987333309,0.0000434160
0.2050000000,0.9986831960,0.9986377304,0.0000454656
0.2100000000,0.9985850850,0.9985375303,0.0000475547
0.2150000000,0.9984823141,0.9984326313,0.0000496828
0.2200000000,0.9983747845,0.9983229352,0.0000518493
0.2250000000,0.9982623979,0.9982083440,0.0000540539
0.2300000000,0.9981450564,0.9980887605,0.0000562959
0.2350000000,0.9980226631,0.9979640882,0.0000585749
0.2400000000,0.9978951215,0.9978342312,0.0000608903
0.2450000000,0.9977623358,0.9976990940,0.0000632418
0.2500000000,0.9976242107,0.9975585820,0.0000656287
0.2550000000,0.9974806518,0.9974126011,0.0000680506
0.2600000000,0.9973315650,0.9972610579,0.0000705071
0.2650000000,0.9971768570,0.9971038595,0.0000729975
0.2700000000,0.9970164353,0.9969409137,0.0000755216
0.2750000000,0.9968502076,0.9967721289,0.0000780787
0.2800000000,0.9966780825,0.9965974142,0.0000806683
0.2850000000,0.9964999693,0.9964166791,0.0000832902
0.2900000000,0.9963157777,0.9962298341,0.0000859436
0.2950000000,0.9961254182,0.9960367900,0.0000886282
0.3000000000,0.9959288018,0.9958374582,0.0000913436
0.3050000000,0.9957258403,0.9956317511,0.0000940892
0.3100000000,0.9955164458,0.9954195813,0.0000968645
0.3150000000,0.9953005314,0.9952008622,0.0000996692
0.3200000000,0.9950780107,0.9949755079,0.0001025028
0.3250000000,0.9948487977,0.9947434330,0.0001053648
0.3300000000,0.9946128074,0.9945045527,0.0001082547
0.3350000000,0.9943699550,0.9942587829,0.0001111721
0.3400000000,0.9941201568,0.9940060402,0.0001141166
0.3450000000,0.9938633294,0.9937462417,0.0001170877
0.3500000000,0.9935993900,0.9934793050,0.0001200850
0.3550000000,0.9933282566,0.9932051486,0.0001231080
0.3600000000,0.9930498477,0.9929236915,0.0001261562
0.3650000000,0.9927640826,0.9926348533,0.0001292294
0.3700000000,0.9924708810,0.9923385541,0.0001323269
0.3750000000,0.9921701633,0.9920347149,0.0001354484
0.3800000000,0.9918618506,0.9917232571,0.0001385935
0.3850000000,0.9915458646,0.9914041028,0.0001417617
0.3900000000,0.9912221274,0.9910771747,0.0001449527
0.3950000000,0.9908905621,0.9907423962,0.0001481659
0.4000000000,0.9905510921,0.9903996912,0.0001514009
0.4050000000,0.9902036416,0.9900489842,0.0001546574
0.4100000000,0.9898481354,0.9896902005,0.0001579349
0.4150000000,0.9894844988,0.9893232658,0.0001612330
0.4200000000,0.9891126579,0.9889481066,0.0001645513
0.4250000000,0.9887325393,0.9885646499,0.0001678894
0.4300000000,0.9883440703,0.9881728234,0.0001712469
0.4350000000,0.9879471787,0.9877725554,0.0001746233
0.4400000000,0.9875417930,0.9873637747,0.0001780183
0.4450000000,0.9871278424,0.9869464109,0.0001814315
0.4500000000,0.9867052565,0.9865203940,0.0001848624
0.4550000000,0.9862739657,0.9860856550,0.0001883107
0.4600000000,0.9858339010,0.9856421250,0.0001917760
0.4650000000,0.9853849940,0.9851897361,0.0001952579
0.4700000000,0.9849271769,0.9847284209,0.0001987559
0.4750000000,0.9844603824,0.9842581126,0.0002022698
0.4800000000,0.9839845441,0.9837787451,0.0002057990
0.4850000000,0.9834995960,0.9832902527,0.0002093433
0.4900000000,0.9830054728,0.9827925705,0.0002129023
0.4950000000,0.9825021097,0.9822856342,0.0002164755
0.5000000000,0.9819894427,0.9817693801,0.0002200626
0.5050000000,0.9814674083,0.9812437451,0.0002236632
0.5100000000,0.9809359436,0.9807086667,0.0002272769
0.5150000000,0.9803949864,0.9801640830,0.0002309035
0.5200000000,0.9798444751,0.9796099327,0.0002345424
0.5250000000,0.9792843486,0.9790461553,0.0002381933
0.5300000000,0.9787145466,0.9784726907,0.0002418559
0.5350000000,0.9781350092,0.9778894794,0.0002455298
0.5400000000,0.9775456773,0.9772964627,0.0002492146
0.5450000000,0.9769464923,0.9766935823,0.0002529100
0.5500000000,0.9763373963,0.9760807807,0.0002566157
0.5550000000,0.9757183320,0.9754580008,0.0002603311
0.5600000000,0.9750892425,0.9748251864,0.0002640561
0.5650000000,0.9744500719,0.9741822816,0.0002677903
0.5700000000,0.9738007645,0.9735292313,0.0002715332
0.5750000000,0.9731412655,0.9728659810,0.0002752846
0.5800000000,0.9724715207,0.9721924766,0.0002790441
0.5850000000,0.9717914764,0.9715086650,0.0002828114
0.5900000000,0.9711010794,0.9708144934,0.0002865861
0.5950000000,0.9704002774,0.9701099096,0.0002903678
0.6000000000,0.9696890185,0.9693948622,0.0002941563
0.6050000000,0.9689672515,0.9686693003,0.0002979512
0.6100000000,0.9682349257,0.9679331735,0.0003017522
0.6150000000,0.9674919912,0.9671864322,0.0003055590
0.6200000000,0.9667383985,0.9664290274,0.0003093711
0.6250000000,0.9659740988,0.9656609105,0.0003131883
0.6300000000,0.9651990439,0.9648820336,0.0003170102
0.6350000000,0.9644131862,0.9640923496,0.0003208366
0.6400000000,0.9636164788,0.9632918116,0.0003246671
0.6450000000,0.9628088751,0.9624803738,0.0003285014
0.6500000000,0.9619903296,0.9616579905,0.0003323391
0.6550000000,0.9611607969,0.9608246170,0.0003361799
0.6600000000,0.9603202326,0.9599802090,0.0003400236
0.6650000000,0.9594685926,0.9591247228,0.0003438698
0.6700000000,0.9586058336,0.9582581154,0.0003477182
0.6750000000,0.9577319127,0.9573803442,0.0003515685
0.6800000000,0.9568467879,0.9564913676,0.0003554203
0.6850000000,0.9559504176,0.9555911441,0.0003592735
0.6900000000,0.9550427607,0.9546796331,0.0003631276
0.6950000000,0.9541237770,0.9537567947,0.0003669823
0.7000000000,0.9531934266,0.9528225892,0.0003708375
0.7050000000,0.9522516704,0.9518769778,0.0003746926
0.7100000000,0.9512984698,0.9509199222,0.0003785476
0.7150000000,0.9503337869,0.9499513849,0.0003824020
0.7200000000,0.9493575841,0.9489713285,0.0003862556
0.7250000000,0.9483698249,0.9479797168,0.0003901081
0.7300000000,0.9473704728,0.9469765137,0.0003939591
0.7350000000,0.9463594925,0.9459616840,0.0003978085
0.7400000000,0.9453368488,0.9449351929,0.0004016558
0.7450000000,0.9443025073,0.9438970064,0.0004055009
0.7500000000,0.9432564343,0.9428470908,0.0004093435
0.7550000000,0.9421985965,0.9417854133,0.0004131832
0.7600000000,0.9411289612,0.9407119414,0.0004170198
0.7650000000,0.9400474965,0.9396266435,0.0004208530
0.7700000000,0.9389541708,0.9385294883,0.0004246825
0.7750000000,0.9378489533,0.9374204452,0.0004285081
0.7800000000,0.9367318137,0.9362994843,0.0004323294
0.7850000000,0.9356027223,0.9351665760,0.0004361463
0.7900000000,0.9344616500,0.9340216917,0.0004399584
0.7950000000,0.9333085684,0.9328648029,0.0004437654
0.8000000000,0.9321434493,0.9316958822,0.0004475672
0.8050000000,0.9309662656,0.9305149023,0.0004513634
0.8100000000,0.9297769905,0.9293218368,0.0004551537
0.8150000000,0.9285755977,0.9281166597,0.0004589380
0.8200000000,0.9273620617,0.9268993458,0.0004627159
0.8250000000,0.9261363574,0.9256698702,0.0004664872
0.8300000000,0.9248984605,0.9244282088,0.0004702517
0.8350000000,0.9236483469,0.9231743379,0.0004740090
0.8400000000,0.9223859936,0.9219082346,0.0004777590
0.8450000000,0.9211113778,0.9206298764,0.0004815014
0.8500000000,0.9198244773,0.9193392415,0.0004852358
0.8550000000,0.9185252707,0.9180363085,0.0004889622
0.8600000000,0.9172137368,0.9167210567,0.0004926802
0.8650000000,0.9158898555,0.9153934660,0.0004963895
0.8700000000,0.9145536068,0.9140535168,0.0005000901
0.8750000000,0.9132049715,0.9127011900,0.0005037815
0.8800000000,0.9118439309,0.9113364674,0.0005074636
0.8850000000,0.9104704670,0.9099593309,0.0005111361
0.8900000000,0.9090845622,0.9085697634,0.0005147988
0.8950000000,0.9076861995,0.9071677481,0.0005184514
0.9000000000,0.9062753626,0.9057532688,0.0005220938
0.9050000000,0.9048520356,0.9043263100,0.0005257256
0.9100000000,0.9034162033,0.9028868566,0.0005293467
0.9150000000,0.9019678511,0.9014348942,0.0005329569
0.9200000000,0.9005069647,0.8999704089,0.0005365558
0.9250000000,0.8990335306,0.8984933873,0.0005401433
0.9300000000,0.8975475360,0.8970038168,0.0005437192
0.9350000000,0.8960489682,0.8955016850,0.0005472832
0.9400000000,0.8945378155,0.8939869804,0.0005508351
0.9450000000,0.8930140665,0.8924596919,0.0005543747
0.9500000000,0.8914777106,0.8909198089,0.0005579017
0.9550000000,0.8899287375,0.8893673214,0.0005614161
0.9600000000,0.8883671376,0.8878022202,0.0005649174
0.9650000000,0.8867929018,0.8862244962,0.0005684056
0.9700000000,0.8852060217,0.8846341413,0.0005718804
0.9750000000,0.8836064892,0.8830311476,0.0005753416
0.9800000000,0.8819942971,0.8814155081,0.0005787890
0.9850000000,0.8803694383,0.8797872159,0.0005822224
0.9900000000,0.8787319067,0.8781462651,0.0005856416
0.9950000000,0.8770816965,0.8764926501,0.0005890464
1.0000000000,0.8754188024,0.8748263659,0.0005924365
1.0050000000,0.8737432200,0.8731474081,0.0005958118
1.0100000000,0.8720549449,0.8714557728,0.0005991721
1.0150000000,0.8703539738,0.8697514566,0.0006025172
1.0200000000,0.8686403036,0.8680344567,0.0006058469
1.0250000000,0.8669139318,0.8663047709,0.0006091610
1.0300000000,0.8651748566,0.8645623974,0.0006124592
1.0350000000,0.8634230766,0.8628073350,0.0006157415
1.0400000000,0.8616585908,0.8610395832,0.0006190076
1.0450000000,0.8598813992,0.8592591418,0.0006222573
1.0500000000,0.8580915018,0.8574660113,0.0006254905
1.0550000000,0.8562888995,0.8556601926,0.0006287069
1.0600000000,0.8544735937,0.8538416873,0.0006319064
1.0650000000,0.8526455861,0.8520104973,0.0006350888
1.0700000000,0.8508048793,0.8501666254,0.0006382539
1.0750000000,0.8489514760,0.8483100745,0.0006414015
1.0800000000,0.8470853798,0.8464408484,0.0006445315
1.0850000000,0.8452065948,0.8445589511,0.0006476436
1.0900000000,0.8433151253,0.8426643875,0.0006507378
1.0950000000,0.8414109765,0.8407571628,0.0006538138
1.1000000000,0.8394941540,0.8388372826,0.0006568714
1.1050000000,0.8375646638,0.8369047533,0.0006599105
1.1100000000,0.8356225127,0.8349595817,0.0006629309
1.1150000000,0.8336677077,0.8330017752,0.0006659325
1.1200000000,0.8317002566,0.8310313415,0.0006689150
1.1250000000,0.8297201675,0.8290482891,0.0006718784
1.1300000000,0.8277274492,0.8270526269,0.0006748224
1.1350000000,0.8257221110,0.8250443642,0.0006777469
1.1400000000,0.8237041627,0.8230235109,0.0006806517
1.1450000000,0.8216736144,0.8209900777,0.0006835367
1.1500000000,0.8196304770,0.8189440753,0.0006864017
1.1550000000,0.8175747618,0.8168855152,0.0006892466
1.1600000000,0.8155064806,0.8148144095,0.0006920711
1.1650000000,0.8134256459,0.8127307707,0.0006948752
1.1700000000,0.8113322704,0.8106346117,0.0006976587
1.1750000000,0.8092263674,0.8085259460,0.0007004214
1.1800000000,0.8071079510,0.8064047877,0.0007031633
1.1850000000,0.8049770353,0.8042711513,0.0007058841
1.1900000000,0.8028336354,0.8021250518,0.0007085836
1.1950000000,0.8006777666,0.7999665047,0.0007112619
1.2000000000,0.7985094448,0.7977955262,0.0007139186
1.2050000000,0.7963286863,0.7956121326,0.0007165537
1.2100000000,0.7941355081,0.7934163411,0.0007191670
1.2150000000,0.7919299276,0.7912081691,0.0007217585
1.2200000000,0.7897119626,0.7889876348,0.0007243278
1.2250000000,0.7874816315,0.7867547565,0.0007268750
1.2300000000,0.7852389532,0.7845095534,0.0007293999
1.2350000000,0.7829839471,0.7822520448,0.0007319023
1.2400000000,0.7807166330,0.7799822509,0.0007343821
1.2450000000,0.7784370312,0.7777001921,0.0007368392
1.2500000000,0.7761451627,0.7754058893,0.0007392734
1.2550000000,0.7738410487,0.7730993640,0.0007416847
1.2600000000,0.7715247111,0.7707806382,0.0007440728
1.2650000000,0.7691961720,0.7684497343,0.0007464377
1.2700000000,0.7668554544,0.7661066751,0.0007487793
1.2750000000,0.7645025815,0.7637514842,0.0007510974
1.2800000000,0.7621375771,0.7613841852,0.0007533919
1.2850000000,0.7597604652,0.7590048026,0.0007556626
1.2900000000,0.7573712707,0.7566133612,0.0007579096
1.2950000000,0.7549700187,0.7542098862,0.0007601325
1.3000000000,0.7525567349,0.7517944035,0.0007623314
1.3050000000,0.7501314454,0.7493669393,0.0007645061
1.3100000000,0.7476941767,0.7469275203,0.0007666565
1.3150000000,0.7452449560,0.7444761736,0.0007687825
1.3200000000,0.7427838108,0.7420129269,0.0007708839
1.3250000000,0.7403107690,0.7395378083,0.0007729607
1.3300000000,0.7378258591,0.7370508463,0.0007750128
1.3350000000,0.7353291101,0.7345520701,0.0007770400
1.3400000000,0.7328205513,0.7320415090,0.0007790422
1.3450000000,0.7303002126,0.7295191931,0.0007810194
1.3500000000,0.7277681242,0.7269851528,0.0007829714
1.3550000000,0.7252243170,0.7244394188,0.0007848982
1.3600000000,0.7226688222,0.7218820226,0.0007867996
1.3650000000,0.7201016714,0.7193129959,0.0007886755
1.3700000000,0.7175228968,0.7167323710,0.0007905258
1.3750000000,0.7149325309,0.7141401804,0.0007923505
1.3800000000,0.7123306068,0.7115364574,0.0007941495
1.3850000000,0.7097171579,0.7089212354,0.0007959225
1.3900000000,0.7070922182,0.7062945486,0.0007976697
1.3950000000,0.7044558220,0.7036564313,0.0007993908
1.4000000000,0.7018080041,0.7010069184,0.0008010857
1.4050000000,0.6991487998,0.6983460454,0.0008027545
1.4100000000,0.6964782448,0.6956738479,0.0008043969
1.4150000000,0.6937963751,0.6929903621,0.0008060130
1.4200000000,0.6911032274,0.6902956248,0.0008076026
1.4250000000,0.6883988386,0.6875896730,0.0008091656
1.4300000000,0.6856832462,0.6848725442,0.0008107020
1.4350000000,0.6829564880,0.6821442764,0.0008122116
1.4400000000,0.6802186023,0.6794049078,0.0008136945
1.4450000000,0.6774696278,0.6766544774,0.0008151505
1.4500000000,0.6747096037,0.6738930242,0.0008165795
1.4550000000,0.6719385696,0.6711205881,0.0008179815
1.4600000000,0.6691565653,0.6683372090,0.0008193563
1.4650000000,0.6663636314,0.6655429274,0.0008207040
1.4700000000,0.6635598086,0.6627377842,0.0008220244
1.4750000000,0.6607451382,0.6599218207,0.0008233175
1.4800000000,0.6579196619,0.6570950787,0.0008245832
1.4850000000,0.6550834217,0.6542576003,0.0008258214
1.4900000000,0.6522364601,0.6514094280,0.0008270321
1.4950000000,0.6493788201,0.6485506049,0.0008282152
1.5000000000,0.6465105448,0.6456811742,0.0008293706
1.5050000000,0.6436316781,0.6428011798,0.0008304983
1.5100000000,0.6407422641,0.6399106658,0.0008315982
1.5150000000,0.6378423471,0.6370096769,0.0008326703
1.5200000000,0.6349319723,0.6340982579,0.0008337144
1.5250000000,0.6320111849,0.6311764543,0.0008347305
1.5300000000,0.6290800305,0.6282443119,0.0008357186
1.5350000000,0.6261385554,0.6253018768,0.0008366787
1.5400000000,0.6231868061,0.6223491956,0.0008376105
1.5450000000,0.6202248293,0.6193863151,0.0008385142
1.5500000000,0.6172526725,0.6164132829,0.0008393896
1.5550000000,0.6142703833,0.6134301466,0.0008402367
1.5600000000,0.6112780097,0.6104369542,0.0008410555
1.5650000000,0.6082756003,0.6074337544,0.0008418458
1.5700000000,0.6052632037,0.6044205960,0.0008426077
1.5750000000,0.6022408694,0.6013975282,0.0008433411
1.5800000000,0.5992086467,0.5983646007,0.0008440460
1.5850000000,0.5961665858,0.5953218635,0.0008447223
1.5900000000,0.5931147369,0.5922693670,0.0008453699
1.5950000000,0.5900531507,0.5892071619,0.0008459888
1.6000000000,0.5869818784,0.5861352994,0.0008465790
1.6050000000,0.5839009714,0.5830538309,0.0008471405
1.6100000000,0.5808104815,0.5799628084,0.0008476732
1.6150000000,0.5777104610,0.5768622840,0.0008481770
1.6200000000,0.5746009623,0.5737523103,0.0008486519
1.6250000000,0.5714820383,0.5706329404,0.0008490980
1.6300000000,0.5683537425,0.5675042274,0.0008495151
1.6350000000,0.5652161283,0.5643662251,0.0008499032
1.6400000000,0.5620692498,0.5612189875,0.0008502623
1.6450000000,0.5589131613,0.5580625689,0.0008505924
1.6500000000,0.5557479175,0.5548970241,0.0008508934
1.6550000000,0.5525735735,0.5517224082,0.0008511653
1.6600000000,0.5493901846,0.5485387765,0.0008514080
1.6650000000,0.5461978066,0.5453461849,0.0008516217
1.6700000000,0.5429964955,0.5421446894,0.0008518061
1.6750000000,0.5397863079,0.5389343465,0.0008519613
1.6800000000,0.5365673004,0.5357152130,0.0008520874
1.6850000000,0.5333395301,0.5324873460,0.0008521841
1.6900000000,0.5301030545,0.5292508029,0.0008522516
1.6950000000,0.5268579314,0.5260056416,0.0008522898
1.7000000000,0.5236042188,0.5227519201,0.0008522987
1.7050000000,0.5203419753,0.5194896970,0.0008522783
1.7100000000,0.5170712595,0.5162190309,0.0008522285
1.7150000000,0.5137921305,0.5129399811,0.0008521494
1.7200000000,0.5105046478,0.5096526068,0.0008520409
1.7250000000,0.5072088710,0.5063569680,0.0008519031
1.7300000000,0.5039048603,0.5030531245,0.0008517358
1.7350000000,0.5005926760,0.4997411369,0.0008515391
1.7400000000,0.4972723788,0.4964210658,0.0008513130
1.7450000000,0.4939440297,0.4930929721,0.0008510575
1.7500000000,0.4906076899,0.4897569173,0.0008507726
1.7550000000,0.4872634212,0.4864129630,0.0008504582
1.7600000000,0.4839112854,0.4830611710,0.0008501144
1.7650000000,0.4805513448,0.4797016037,0.0008497411
1.7700000000,0.4771836619,0.4763343235,0.0008493384
1.7750000000,0.4738082995,0.4729593933,0.0008489062
1.7800000000,0.4704253208,0.4695768762,0.0008484445
1.7850000000,0.4670347892,0.4661868357,0.0008479534
1.7900000000,0.4636367684,0.4627893355,0.0008474329
1.7950000000,0.4602313224,0.4593844395,0.0008468829
1.8000000000,0.4568185156,0.4559722122,0.0008463034
1.8050000000,0.4533984126,0.4525527181,0.0008456945
1.8100000000,0.4499710782,0.4491260220,0.0008450562
1.8150000000,0.4465365775,0.4456921891,0.0008443884
1.8200000000,0.4430949761,0.4422512849,0.0008436912
1.8250000000,0.4396463397,0.4388033751,0.0008429646
1.8300000000,0.4361907342,0.4353485257,0.0008422085
1.8350000000,0.4327282260,0.4318868029,0.0008414231
1.8400000000,0.4292588816,0.4284182733,0.0008406083
1.8450000000,0.4257827678,0.4249430037,0.0008397641
1.8500000000,0.4222999518,0.4214610612,0.0008388905
1.8550000000,0.4188105008,0.4179725132,0.0008379876
1.8600000000,0.4153144825,0.4144774271,0.0008370554
1.8650000000,0.4118119648,0.4109758710,0.0008360938
1.8700000000,0.4083030158,0.4074679128,0.0008351029
1.8750000000,0.4047877039,0.4039536211,0.0008340828
1.8800000000,0.4012660979,0.4004330645,0.0008330334
1.8850000000,0.3977382665,0.3969063118,0.0008319548
1.8900000000,0.3942042791,0.3933734322,0.0008308469
1.8950000000,0.3906642049,0.3898344950,0.0008297098
1.9000000000,0.3871181136,0.3862895700,0.0008285436
1.9050000000,0.3835660752,0.3827387270,0.0008273482
1.9100000000,0.3800081598,0.3791820361,0.0008261237
1.9150000000,0.3764444378,0.3756195677,0.0008248701
1.9200000000,0.3728749798,0.3720513923,0.0008235874
1.9250000000,0.3692998566,0.3684775809,0.0008222757
1.9300000000,0.3657191394,0.3648982044,0.0008209350
1.9350000000,0.3621328995,0.3613133342,0.0008195653
1.9400000000,0.3585412084,0.3577230418,0.0008181666
1.9450000000,0.3549441380,0.3541273990,0.0008167390
1.9500000000,0.3513417602,0.3505264776,0.0008152826
1.9550000000,0.3477341472,0.3469203500,0.0008137972
1.9600000000,0.3441213716,0.3433090885,0.0008122831
1.9650000000,0.3405035059,0.3396927657,0.0008107402
1.9700000000,0.3368806231,0.3360714545,0.0008091685
1.9750000000,0.3332527962,0.3324452280,0.0008075682
1.9800000000,0.3296200986,0.3288141594,0.0008059392
1.9850000000,0.3259826037,0.3251783222,0.0008042815
1.9900000000,0.3223403853,0.3215377901,0.0008025953
1.9950000000,0.3186935174,0.3178926369,0.0008008805
2.0000000000,0.3150420739,0.3142429368,0.0007991372
2.0050000000,0.3113861294,0.3105887640,0.0007973654
2.0100000000,0.3077257582,0.3069301929,0.0007955653
2.0150000000,0.3040610352,0.3032672984,0.0007937367
2.0200000000,0.3003920351,0.2996001552,0.0007918799
2.0250000000,0.2967188332,0.2959288385,0.0007899948
2.0300000000,0.2930415047,0.2922534233,0.0007880814
2.0350000000,0.2893601251,0.2885739852,0.0007861399
2.0400000000,0.2856747701,0.2848905998,0.0007841702
2.0450000000,0.2819855154,0.2812033429,0.0007821725
2.0500000000,0.2782924372,0.2775122904,0.0007801468
2.0550000000,0.2745956115,0.2738175185,0.0007780930
2.0600000000,0.2708951149,0.2701191035,0.0007760114
2.0650000000,0.2671910237,0.2664171219,0.0007739019
2.0700000000,0.2634834148,0.2627116503,0.0007717645
2.0750000000,0.2597723650,0.2590027656,0.0007695995
2.0800000000,0.2560579514,0.2552905447,0.0007674067
2.0850000000,0.2523402511,0.2515750648,0.0007651863
2.0900000000,0.2486193416,0.2478564033,0.0007629383
2.0950000000,0.2448953003,0.2441346375,0.0007606628
2.1000000000,0.2411682050,0.2404098452,0.0007583598
2.1050000000,0.2374381334,0.2366821040,0.0007560295
2.1100000000,0.2337051637,0.2329514919,0.0007536718
2.1150000000,0.2299693738,0.2292180870,0.0007512868
2.1200000000,0.2262308421,0.2254819675,0.0007488746
2.1250000000,0.2224896470,0.2217432117,0.0007464353
2.1300000000,0.2187458671,0.2180018982,0.0007439689
2.1350000000,0.2149995811,0.2142581056,0.0007414755
2.1400000000,0.2112508678,0.2105119126,0.0007389551
2.1450000000,0.2074998062,0.2067633983,0.0007364079
2.1500000000,0.2037464754,0.2030126415,0.0007338339
2.1550000000,0.1999909547,0.1992597216,0.0007312331
2.1600000000,0.1962333234,0.1955047178,0.0007286057
2.1650000000,0.1924736611,0.1917477095,0.0007259516
2.1700000000,0.1887120473,0.1879887762,0.0007232711
2.1750000000,0.1849485618,0.1842279977,0.0007205641
2.1800000000,0.1811832844,0.1804654537,0.0007178307
2.1850000000,0.1774162951,0.1767012241,0.0007150710
2.1900000000,0.1736476740,0.1729353889,0.0007122851
2.1950000000,0.1698775013,0.1691680283,0.0007094730
2.2000000000,0.1661058573,0.1653992225,0.0007066349
2.2050000000,0.1623328225,0.1616290517,0.0007037708
2.2100000000,0.1585584772,0.1578575965,0.0007008807
2.2150000000,0.1547829022,0.1540849374,0.0006979648
2.2200000000,0.1510061782,0.1503111550,0.0006950232
2.2250000000,0.1472283860,0.1465363301,0.0006920559
2.2300000000,0.1434496064,0.1427605434,0.0006890630
2.2350000000,0.1396699205,0.1389838760,0.0006860446
2.2400000000,0.1358894095,0.1352064087,0.0006830007
2.2450000000,0.1321081544,0.1314282228,0.0006799316
2.2500000000,0.1283262365,0.1276493994,0.0006768371
2.2550000000,0.1245437372,0.1238700197,0.0006737175
2.2600000000,0.1207607379,0.1200901651,0.0006705728
2.2650000000,0.1169773201,0.1163099170,0.0006674031
2.2700000000,0.1131935655,0.1125293569,0.0006642085
2.2750000000,0.1094095555,0.1087485665,0.0006609891
2.2800000000,0.1056253721,0.1049676272,0.0006577449
2.2850000000,0.1018410969,0.1011866208,0.0006544761
2.2900000000,0.0980568119,0.0974056292,0.0006511827
2.2950000000,0.0942725990,0.0936247340,0.0006478649
2.3000000000,0.0904885400,0.0898440173,0.0006445227
2.3050000000,0.0867047172,0.0860635610,0.0006411563
2.3100000000,0.0829212126,0.0822834470,0.0006377656
2.3150000000,0.0791381084,0.0785037575,0.0006343509
2.3200000000,0.0753554867,0.0747245746,0.0006309122
2.3250000000,0.0715734299,0.0709459804,0.0006274495
2.3300000000,0.0677920202,0.0671680571,0.0006239631
2.3350000000,0.0640113400,0.0633908870,0.0006204530
2.3400000000,0.0602314717,0.0596145524,0.0006169193
2.3450000000,0.0564524977,0.0558391357,0.0006133620
2.3500000000,0.0526745005,0.0520647191,0.0006097814
2.3550000000,0.0488975626,0.0482913852,0.0006061774
2.3600000000,0.0451217666,0.0445192163,0.0006025503
2.3650000000,0.0413471950,0.0407482950,0.0005989000
2.3700000000,0.0375739304,0.0369787036,0.0005952267
2.3750000000,0.0338020554,0.0332105249,0.0005915306
2.3800000000,0.0300316528,0.0294438412,0.0005878116
2.3850000000,0.0262628051,0.0256787352,0.0005840700
2.3900000000,0.0224955951,0.0219152894,0.0005803057
2.3950000000,0.0187301055,0.0181535866,0.0005765190
2.4000000000,0.0149664190,0.0143937091,0.0005727099
2.4050000000,0.0112046184,0.0106357399,0.0005688785
2.4100000000,0.0074447863,0.0068797613,0.0005650250
2.4150000000,0.0036870055,0.0031258561,0.0005611494
2.4200000000,-0.0000686412,-0.0006258930,0.0005572518
2.4250000000,-0.0038220710,-0.0043754034,0.0005533325
2.4300000000,-0.0075732012,-0.0081225925,0.0005493913
2.4350000000,-0.0113219490,-0.0118673777,0.0005454286
2.4400000000,-0.0150682317,-0.0156096761,0.0005414444
2.4450000000,-0.0188119666,-0.0193494054,0.0005374388
2.4500000000,-0.0225530708,-0.0230864827,0.0005334119
2.4550000000,-0.0262914618,-0.0268208255,0.0005293638
2.4600000000,-0.0300270566,-0.0305523513,0.0005252946
2.4650000000,-0.0337597728,-0.0342809773,0.0005212046
2.4700000000,-0.0374895275,-0.0380066212,0.0005170937
2.4750000000,-0.0412162381,-0.0417292002,0.0005129621
2.4800000000,-0.0449398221,-0.0454486319,0.0005088098
2.4850000000,-0.0486601967,-0.0491648338,0.0005046371
2.4900000000,-0.0523772794,-0.0528777235,0.0005004441
2.4950000000,-0.0560909877,-0.0565872185,0.0004962308
2.5000000000,-0.0598012390,-0.0602932364,0.0004919974
2.5050000000,-0.0635079509,-0.0639956949,0.0004877439
2.5100000000,-0.0672110409,-0.0676945115,0.0004834706
2.5150000000,-0.0709104266,-0.0713896041,0.0004791775
2.5200000000,-0.0746060257,-0.0750808904,0.0004748648
2.5250000000,-0.0782977557,-0.0787682882,0.0004705325
2.5300000000,-0.0819855345,-0.0824517153,0.0004661808
2.5350000000,-0.0856692798,-0.0861310897,0.0004618098
2.5400000000,-0.0893489095,-0.0898063292,0.0004574197
2.5450000000,-0.0930243414,-0.0934773519,0.0004530105
2.5500000000,-0.0966954935,-0.0971440759,0.0004485825
2.5550000000,-0.1003622837,-0.1008064193,0.0004441356
2.5600000000,-0.1040246301,-0.1044643001,0.0004396700
2.5650000000,-0.1076824508,-0.1081176368,0.0004351860
2.5700000000,-0.1113356641,-0.1117663475,0.0004306835
2.5750000000,-0.1149841880,-0.1154103507,0.0004261627
2.5800000000,-0.1186279411,-0.1190495648,0.0004216237
2.5850000000,-0.1222668416,-0.1226839083,0.0004170667
2.5900000000,-0.1259008080,-0.1263132999,0.0004124919
2.5950000000,-0.1295297589,-0.1299376581,0.0004078992
2.6000000000,-0.1331536128,-0.1335569017,0.0004032889
2.6050000000,-0.1367722885,-0.1371709495,0.0003986610
2.6100000000,-0.1403857048,-0.1407797205,0.0003940158
2.6150000000,-0.1439937804,-0.1443831337,0.0003893533
2.6200000000,-0.1475964345,-0.1479811081,0.0003846737
2.6250000000,-0.1511935859,-0.1515735629,0.0003799770
2.6300000000,-0.1547851539,-0.1551604174,0.0003752635
2.6350000000,-0.1583710576,-0.1587415909,0.0003705333
2.6400000000,-0.1619512165,-0.1623170029,0.0003657865
2.6450000000,-0.1655255498,-0.1658865730,0.0003610232
2.6500000000,-0.1690939772,-0.1694502208,0.0003562435
2.6550000000,-0.1726564183,-0.1730078660,0.0003514477
2.6600000000,-0.1762127928,-0.1765594286,0.0003466358
2.6650000000,-0.1797630206,-0.1801048285,0.0003418079
2.6700000000,-0.1833070216,-0.1836439858,0.0003369643
2.6750000000,-0.1868447158,-0.1871768207,0.0003321050
2.6800000000,-0.1903760235,-0.1907032536,0.0003272301
2.6850000000,-0.1939008649,-0.1942232048,0.0003223399
2.6900000000,-0.1974191604,-0.1977365948,0.0003174344
2.6950000000,-0.2009308307,-0.2012433445,0.0003125138
2.7000000000,-0.2044357963,-0.2047433745,0.0003075782
2.7050000000,-0.2079339780,-0.2082366058,0.0003026278
2.7100000000,-0.2114252968,-0.2117229595,0.0002976627
2.7150000000,-0.2149096736,-0.2152023567,0.0002926830
2.7200000000,-0.2183870297,-0.2186747186,0.0002876889
2.7250000000,-0.2218572864,-0.2221399669,0.0002826805
2.7300000000,-0.2253203650,-0.2255980230,0.0002776580
2.7350000000,-0.2287761873,-0.2290488088,0.0002726215
2.7400000000,-0.2322246748,-0.2324922459,0.0002675711
2.7450000000,-0.2356657496,-0.2359282565,0.0002625069
2.7500000000,-0.2390993334,-0.2393567627,0.0002574292
2.7550000000,-0.2425253487,-0.2427776868,0.0002523381
2.7600000000,-0.2459437175,-0.2461909512,0.0002472337
2.7650000000,-0.2493543625,-0.2495964786,0.0002421161
2.7700000000,-0.2527572062,-0.2529941917,0.0002369855
2.7750000000,-0.2561521713,-0.2563840134,0.0002318420
2.7800000000,-0.2595391809,-0.2597658667,0.0002266859
2.7850000000,-0.2629181579,-0.2631396750,0.0002215171
2.7900000000,-0.2662890256,-0.2665053616,0.0002163359
2.7950000000,-0.2696517075,-0.2698628500,0.0002111424
2.8000000000,-0.2730061271,-0.2732120639,0.0002059368
2.8050000000,-0.2763522082,-0.2765529274,0.0002007192
2.8100000000,-0.2796898747,-0.2798853644,0.0001954897
2.8150000000,-0.2830190506,-0.2832092991,0.0001902485
2.8200000000,-0.2863396602,-0.2865246560,0.0001849958
2.8250000000,-0.2896516280,-0.2898313596,0.0001797316
2.8300000000,-0.2929548786,-0.2931293347,0.0001744562
2.8350000000,-0.2962493367,-0.2964185064,0.0001691696
2.8400000000,-0.2995349274,-0.2996987996,0.0001638721
2.8450000000,-0.3028115759,-0.3029701397,0.0001585638
2.8500000000,-0.3060792074,-0.3062324522,0.0001532448
2.8550000000,-0.3093377475,-0.3094856628,0.0001479152
2.8600000000,-0.3125871221,-0.3127296974,0.0001425753
2.8650000000,-0.3158272568,-0.3159644820,0.0001372252
2.8700000000,-0.3190580780,-0.3191899430,0.0001318649
2.8750000000,-0.3222795120,-0.3224060067,0.0001264948
2.8800000000,-0.3254914851,-0.3256126000,0.0001211148
2.8850000000,-0.3286939243,-0.3288096495,0.0001157252
2.8900000000,-0.3318867563,-0.3319970825,0.0001103262
2.8950000000,-0.3350699083,-0.3351748261,0.0001049178
2.9000000000,-0.3382433077,-0.3383428079,0.0000995002
2.9050000000,-0.3414068820,-0.3415009556,0.0000940736
2.9100000000,-0.3445605590,-0.3446491971,0.0000886381
2.9150000000,-0.3477042665,-0.3477874604,0.0000831939
2.9200000000,-0.3508379329,-0.3509156740,0.0000777411
2.9250000000,-0.3539614865,-0.3540337664,0.0000722799
2.9300000000,-0.3570748559,-0.3571416663,0.0000668105
2.9350000000,-0.3601779699,-0.3602393028,0.0000613329
2.9400000000,-0.3632707577,-0.3633266051,0.0000558473
2.9450000000,-0.3663531486,-0.3664035025,0.0000503539
2.9500000000,-0.3694250719,-0.3694699248,0.0000448529
2.9550000000,-0.3724864576,-0.3725258020,0.0000393444
2.9600000000,-0.3755372355,-0.3755710640,0.0000338285
2.9650000000,-0.3785773359,-0.3786056413,0.0000283054
2.9700000000,-0.3816066892,-0.3816294644,0.0000227752
2.9750000000,-0.3846252261,-0.3846424643,0.0000172382
2.9800000000,-0.3876328775,-0.3876445719,0.0000116944
2.9850000000,-0.3906295746,-0.3906357187,0.0000061441
2.9900000000,-0.3936152487,-0.3936158360,0.0000005873
2.9950000000,-0.3965898316,-0.3965848558,0.0000049758
3.0000000000,-0.3995532551,-0.3995427101,0.0000105450
3.0050000000,-0.4025054513,-0.4024893311,0.0000161201
3.0100000000,-0.4054463526,-0.4054246515,0.0000217011
3.0150000000,-0.4083758917,-0.4083486040,0.0000272877
3.0200000000,-0.4112940015,-0.4112611217,0.0000328798
3.0250000000,-0.4142006150,-0.4141621378,0.0000384773
3.0300000000,-0.4170956658,-0.4170515859,0.0000440799
3.0350000000,-0.4199790875,-0.4199293999,0.0000496876
3.0400000000,-0.4228508140,-0.4227955138,0.0000553002
3.0450000000,-0.4257107794,-0.4256498619,0.0000609175
3.0500000000,-0.4285589183,-0.4284923790,0.0000665393
3.0550000000,-0.4313951653,-0.4313229997,0.0000721656
3.0600000000,-0.4342194555,-0.4341416594,0.0000777961
3.0650000000,-0.4370317240,-0.4369482933,0.0000834307
3.0700000000,-0.4398319065,-0.4397428372,0.0000890693
3.0750000000,-0.4426199387,-0.4425252270,0.0000947116
3.0800000000,-0.4453957566,-0.4452953990,0.0001003576
3.0850000000,-0.4481592967,-0.4480532896,0.0001060071
3.0900000000,-0.4509104955,-0.4507988357,0.0001116598
3.0950000000,-0.4536492900,-0.4535319743,0.0001173157
3.1000000000,-0.4563756174,-0.4562526427,0.0001229746
3.1050000000,-0.4590894150,-0.4589607786,0.0001286364
3.1100000000,-0.4617906208,-0.4616563199,0.0001343008
3.1150000000,-0.4644791726,-0.4643392048,0.0001399678
3.1200000000,-0.4671550090,-0.4670093718,0.0001456372
3.1250000000,-0.4698180683,-0.4696667596,0.0001513087
3.1300000000,-0.4724682897,-0.4723113074,0.0001569824
3.1350000000,-0.4751056123,-0.4749429544,0.0001626579
3.1400000000,-0.4777299756,-0.4775616405,0.0001683351
3.1450000000,-0.4803413194,-0.4801673054,0.0001740140
3.1500000000,-0.4829395838,-0.4827598895,0.0001796943
3.1550000000,-0.4855247091,-0.4853393333,0.0001853758
3.1600000000,-0.4880966362,-0.4879055777,0.0001910585
3.1650000000,-0.4906553060,-0.4904585639,0.0001967421
3.1700000000,-0.4932006597,-0.4929982332,0.0002024265
3.1750000000,-0.4957326391,-0.4955245276,0.0002081116
3.1800000000,-0.4982511861,-0.4980373890,0.0002137971
3.1850000000,-0.5007562428,-0.5005367598,0.0002194830
3.1900000000,-0.5032477518,-0.5030225828,0.0002251690
3.1950000000,-0.5057256560,-0.5054948010,0.0002308551
3.2000000000,-0.5081898986,-0.5079533576,0.0002365409
3.2050000000,-0.5106404230,-0.5103981964,0.0002422265
3.2100000000,-0.5130771730,-0.5128292613,0.0002479117
3.2150000000,-0.5155000928,-0.5152464966,0.0002535962
3.2200000000,-0.5179091268,-0.5176498468,0.0002592799
3.2250000000,-0.5203042197,-0.5200392570,0.0002649627
3.2300000000,-0.5226853167,-0.5224146723,0.0002706444
3.2350000000,-0.5250523632,-0.5247760383,0.0002763249
3.2400000000,-0.5274053049,-0.5271233010,0.0002820039
3.2450000000,-0.5297440879,-0.5294564065,0.0002876814
3.2500000000,-0.5320686586,-0.5317753014,0.0002933572
3.2550000000,-0.5343789637,-0.5340799326,0.0002990311
3.2600000000,-0.5366749502,-0.5363702473,0.0003047030
3.2650000000,-0.5389565657,-0.5386461931,0.0003103726
3.2700000000,-0.5412237577,-0.5409077178,0.0003160399
3.2750000000,-0.5434764744,-0.5431547697,0.0003217048
3.2800000000,-0.5457146642,-0.5453872973,0.0003273669
3.2850000000,-0.5479382758,-0.5476052495,0.0003330262
3.2900000000,-0.5501472583,-0.5498085757,0.0003386826
3.2950000000,-0.5523415611,-0.5519972253,0.0003443358
3.3000000000,-0.5545211341,-0.5541711483,0.0003499858
3.3050000000,-0.5566859273,-0.5563302950,0.0003556323
3.3100000000,-0.5588358911,-0.5584746160,0.0003612752
3.3150000000,-0.5609709765,-0.5606040622,0.0003669143
3.3200000000,-0.5630911346,-0.5627185850,0.0003725495
3.3250000000,-0.5651963168,-0.5648181361,0.0003781807
3.3300000000,-0.5672864750,-0.5669026674,0.0003838076
3.3350000000,-0.5693615615,-0.5689721314,0.0003894302
3.3400000000,-0.5714215289,-0.5710264807,0.0003950482
3.3450000000,-0.5734663299,-0.5730656684,0.0004006615
3.3500000000,-0.5754959181,-0.5750896481,0.0004062700
3.3550000000,-0.5775102469,-0.5770983734,0.0004118735
3.3600000000,-0.5795092704,-0.5790917986,0.0004174718
3.3650000000,-0.5814929429,-0.5810698781,0.0004230648
3.3700000000,-0.5834612192,-0.5830325668,0.0004286524
3.3750000000,-0.5854140543,-0.5849798200,0.0004342343
3.3800000000,-0.5873514038,-0.5869115933,0.0004398104
3.3850000000,-0.5892732234,-0.5888278427,0.0004453807
3.3900000000,-0.5911794693,-0.5907285244,0.0004509448
3.3950000000,-0.5930700980,-0.5926135953,0.0004565027
3.4000000000,-0.5949450666,-0.5944830123,0.0004620542
3.4050000000,-0.5968043322,-0.5963367330,0.0004675992
3.4100000000,-0.5986478526,-0.5981747151,0.0004731375
3.4150000000,-0.6004755857,-0.5999969168,0.0004786689
3.4200000000,-0.6022874901,-0.6018032967,0.0004841934
3.4250000000,-0.6040835244,-0.6035938138,0.0004897106
3.4300000000,-0.6058636479,-0.6053684273,0.0004952206
3.4350000000,-0.6076278201,-0.6071270970,0.0005007231
3.4400000000,-0.6093760009,-0.6088697829,0.0005062180
3.4450000000,-0.6111081506,-0.6105964454,0.0005117052
3.4500000000,-0.6128242298,-0.6123070455,0.0005171844
3.4550000000,-0.6145241998,-0.6140015442,0.0005226555
3.4600000000,-0.6162080218,-0.6156799033,0.0005281185
3.4650000000,-0.6178756577,-0.6173420847,0.0005335730
3.4700000000,-0.6195270698,-0.6189880507,0.0005390191
3.4750000000,-0.6211622206,-0.6206177641,0.0005444565
3.4800000000,-0.6227810731,-0.6222311881,0.0005498850
3.4850000000,-0.6243835908,-0.6238282862,0.0005553046
3.4900000000,-0.6259697373,-0.6254090222,0.0005607151
3.4950000000,-0.6275394768,-0.6269733605,0.0005661163
3.5000000000,-0.6290927738,-0.6285212658,0.0005715081
3.5050000000,-0.6306295934,-0.6300527031,0.0005768903
3.5100000000,-0.6321499008,-0.6315676380,0.0005822628
3.5150000000,-0.6336536617,-0.6330660364,0.0005876254
3.5200000000,-0.6351408424,-0.6345478644,0.0005929780
3.5250000000,-0.6366114092,-0.6360130887,0.0005983205
3.5300000000,-0.6380653291,-0.6374616765,0.0006036526
3.5350000000,-0.6395025694,-0.6388935951,0.0006089743
3.5400000000,-0.6409230979,-0.6403088125,0.0006142854
3.5450000000,-0.6423268826,-0.6417072968,0.0006195857
3.5500000000,-0.6437138920,-0.6430890168,0.0006248752
3.5550000000,-0.6450840951,-0.6444539415,0.0006301536
3.5600000000,-0.6464374611,-0.6458020403,0.0006354208
3.5650000000,-0.6477739598,-0.6471332831,0.0006406767
3.5700000000,-0.6490935613,-0.6484476402,0.0006459211
3.5750000000,-0.6503962361,-0.6497450823,0.0006511539
3.5800000000,-0.6516819552,-0.6510255804,0.0006563749
3.5850000000,-0.6529506899,-0.6522891059,0.0006615840
3.5900000000,-0.6542024119,-0.6535356309,0.0006667810
3.5950000000,-0.6554370934,-0.6547651276,0.0006719658
3.6000000000,-0.6566547069,-0.6559775686,0.0006771383
3.6050000000,-0.6578552255,-0.6571729271,0.0006822983
3.6100000000,-0.6590386224,-0.6583511767,0.0006874457
3.6150000000,-0.6602048715,-0.6595122912,0.0006925803
3.6200000000,-0.6613539471,-0.6606562451,0.0006977020
3.6250000000,-0.6624858236,-0.6617830129,0.0007028106
3.6300000000,-0.6636004761,-0.6628925701,0.0007079061
3.6350000000,-0.6646978802,-0.6639848920,0.0007129882
3.6400000000,-0.6657780115,-0.6650599548,0.0007180568
3.6450000000,-0.6668408465,-0.6661177347,0.0007231118
3.6500000000,-0.6678863618,-0.6671582088,0.0007281530
3.6550000000,-0.6689145345,-0.6681813541,0.0007331804
3.6600000000,-0.6699253421,-0.6691871484,0.0007381937
3.6650000000,-0.6709187626,-0.6701755698,0.0007431928
3.6700000000,-0.6718947743,-0.6711465966,0.0007481776
3.6750000000,-0.6728533560,-0.6721002080,0.0007531480
3.6800000000,-0.6737944869,-0.6730363831,0.0007581037
3.6850000000,-0.6747181466,-0.6739551018,0.0007630448
3.6900000000,-0.6756243152,-0.6748563442,0.0007679710
3.6950000000,-0.6765129731,-0.6757400910,0.0007728821
3.7000000000,-0.6773841013,-0.6766063231,0.0007777782
3.7050000000,-0.6782376809,-0.6774550220,0.0007826590
3.7100000000,-0.6790736938,-0.6782861695,0.0007875243
3.7150000000,-0.6798921221,-0.6790997480,0.0007923741
3.7200000000,-0.6806929484,-0.6798957401,0.0007972083
3.7250000000,-0.6814761557,-0.6806741290,0.0008020266
3.7300000000,-0.6822417273,-0.6814348983,0.0008068290
3.7350000000,-0.6829896473,-0.6821780319,0.0008116153
3.7400000000,-0.6837198998,-0.6829035143,0.0008163855
3.7450000000,-0.6844324695,-0.6836113303,0.0008211392
3.7500000000,-0.6851273416,-0.6843014651,0.0008258765
3.7550000000,-0.6858045017,-0.6849739045,0.0008305972
3.7600000000,-0.6864639357,-0.6856286346,0.0008353012
3.7650000000,-0.6871056301,-0.6862656419,0.0008399882
3.7700000000,-0.6877295717,-0.6868849134,0.0008446583
3.7750000000,-0.6883357478,-0.6874864365,0.0008493113
3.7800000000,-0.6889241460,-0.6880701990,0.0008539470
3.7850000000,-0.6894947546,-0.6886361893,0.0008585653
3.7900000000,-0.6900475621,-0.6891843960,0.0008631662
3.7950000000,-0.6905825575,-0.6897148082,0.0008677493
3.8000000000,-0.6910997302,-0.6902274155,0.0008723147
3.8050000000,-0.6915990702,-0.6907222079,0.0008768623
3.8100000000,-0.6920805675,-0.6911991758,0.0008813918
3.8150000000,-0.6925442131,-0.6916583100,0.0008859031
3.8200000000,-0.6929899981,-0.6920996019,0.0008903962
3.8250000000,-0.6934179140,-0.6925230431,0.0008948709
3.8300000000,-0.6938279529,-0.6929286259,0.0008993271
3.8350000000,-0.6942201072,-0.6933163427,0.0009037646
3.8400000000,-0.6945943699,-0.6936861866,0.0009081833
3.8450000000,-0.6949507342,-0.6940381510,0.0009125832
3.8500000000,-0.6952891939,-0.6943722299,0.0009169641
3.8550000000,-0.6956097433,-0.6946884175,0.0009213258
3.8600000000,-0.6959123768,-0.6949867086,0.0009256683
3.8650000000,-0.6961970897,-0.6952670983,0.0009299913
3.8700000000,-0.6964638773,-0.6955295824,0.0009342949
3.8750000000,-0.6967127357,-0.6957741568,0.0009385789
3.8800000000,-0.6969436611,-0.6960008180,0.0009428432
3.8850000000,-0.6971566505,-0.6962095629,0.0009470875
3.8900000000,-0.6973517009,-0.6964003890,0.0009513120
3.8950000000,-0.6975288102,-0.6965732939,0.0009555163
3.9000000000,-0.6976879764,-0.6967282760,0.0009597004
3.9050000000,-0.6978291980,-0.6968653338,0.0009638642
3.9100000000,-0.6979524741,-0.6969844665,0.0009680076
3.9150000000,-0.6980578040,-0.6970856737,0.0009721304
3.9200000000,-0.6981451877,-0.6971689552,0.0009762325
3.9250000000,-0.6982146253,-0.6972343115,0.0009803138
3.9300000000,-0.6982661177,-0.6972817434,0.0009843743
3.9350000000,-0.6982996659,-0.6973112523,0.0009884137
3.9400000000,-0.6983152717,-0.6973228397,0.0009924320
3.9450000000,-0.6983129370,-0.6973165079,0.0009964291
3.9500000000,-0.6982926642,-0.6972922594,0.0010004048
3.9550000000,-0.6982544564,-0.6972500973,0.0010043590
3.9600000000,-0.6981983168,-0.6971900251,0.0010082917
3.9650000000,-0.6981242492,-0.6971120465,0.0010122027
3.9700000000,-0.6980322579,-0.6970161660,0.0010160919
3.9750000000,-0.6979223475,-0.6969023882,0.0010199592
3.9800000000,-0.6977945230,-0.6967707185,0.0010238045
3.9850000000,-0.6976487901,-0.6966211624,0.0010276277
3.9900000000,-0.6974851546,-0.6964537259,0.0010314287
3.9950000000,-0.6973036231,-0.6962684157,0.0010352073
4.0000000000,-0.6971042022,-0.6960652386,0.0010389635
4.0050000000,-0.6968868993,-0.6958442021,0.0010426972
4.0100000000,-0.6966517220,-0.6956053138,0.0010464082
4.0150000000,-0.6963986786,-0.6953485822,0.0010500965
4.0200000000,-0.6961277776,-0.6950740157,0.0010537619
4.0250000000,-0.6958390280,-0.6947816237,0.0010574043
4.0300000000,-0.6955324393,-0.6944714155,0.0010610237
4.0350000000,-0.6952080212,-0.6941434013,0.0010646200
4.0400000000,-0.6948657842,-0.6937975913,0.0010681929
4.0450000000,-0.6945057391,-0.6934339965,0.0010717426
4.0500000000,-0.6941278969,-0.6930526282,0.0010752687
4.0550000000,-0.6937322693,-0.6926534980,0.0010787713
4.0600000000,-0.6933188683,-0.6922366181,0.0010822502
4.0650000000,-0.6928877065,-0.6918020011,0.0010857054
4.0700000000,-0.6924387967,-0.6913496600,0.0010891367
4.0750000000,-0.6919721524,-0.6908796083,0.0010925441
4.0800000000,-0.6914877872,-0.6903918599,0.0010959274
4.0850000000,-0.6909857155,-0.6898864289,0.0010992865
4.0900000000,-0.6904659518,-0.6893633303,0.0011026215
4.0950000000,-0.6899285112,-0.6888225792,0.0011059321
4.1000000000,-0.6893734093,-0.6882641911,0.0011092182
4.1050000000,-0.6888006620,-0.6876881821,0.0011124799
4.1100000000,-0.6882102857,-0.6870945688,0.0011157169
4.1150000000,-0.6876022971,-0.6864833679,0.0011189292
4.1200000000,-0.6869767135,-0.6858545968,0.0011221167
4.1250000000,-0.6863335526,-0.6852082732,0.0011252794
4.1300000000,-0.6856728325,-0.6845444154,0.0011284171
4.1350000000,-0.6849945716,-0.6838630420,0.0011315297
4.1400000000,-0.6842987890,-0.6831641719,0.0011346171
4.1450000000,-0.6835855041,-0.6824478248,0.0011376793
4.1500000000,-0.6828547365,-0.6817140203,0.0011407162
4.1550000000,-0.6821065066,-0.6809627790,0.0011437276
4.1600000000,-0.6813408350,-0.6801941214,0.0011467136
4.1650000000,-0.6805577428,-0.6794080689,0.0011496740
4.1700000000,-0.6797572516,-0.6786046429,0.0011526087
4.1750000000,-0.6789393832,-0.6777838656,0.0011555176
4.1800000000,-0.6781041600,-0.6769457593,0.0011584007
4.1850000000,-0.6772516048,-0.6760903469,0.0011612579
4.1900000000,-0.6763817409,-0.6752176518,0.0011640891
4.1950000000,-0.6754945918,-0.6743276976,0.0011668942
4.2000000000,-0.6745901816,-0.6734205085,0.0011696731
4.2050000000,-0.6736685348,-0.6724961090,0.0011724258
4.2100000000,-0.6727296763,-0.6715545241,0.0011751522
4.2150000000,-0.6717736314,-0.6705957792,0.0011778521
4.2200000000,-0.6708004258,-0.6696199002,0.0011805256
4.2250000000,-0.6698100858,-0.6686269132,0.0011831726
4.2300000000,-0.6688026379,-0.6676168450,0.0011857928
4.2350000000,-0.6677781090,-0.6665897226,0.0011883864
4.2400000000,-0.6667365267,-0.6655455734,0.0011909532
4.2450000000,-0.6656779187,-0.6644844255,0.0011934932
4.2500000000,-0.6646023133,-0.6634063071,0.0011960062
4.2550000000,-0.6635097392,-0.6623112470,0.0011984922
4.2600000000,-0.6624002254,-0.6611992743,0.0012009511
4.2650000000,-0.6612738015,-0.6600704186,0.0012033829
4.2700000000,-0.6601304973,-0.6589247099,0.0012057875
4.2750000000,-0.6589703433,-0.6577621785,0.0012081648
4.2800000000,-0.6577933700,-0.6565828553,0.0012105147
4.2850000000,-0.6565996087,-0.6553867715,0.0012128372
4.2900000000,-0.6553890910,-0.6541739588,0.0012151322
4.2950000000,-0.6541618487,-0.6529444491,0.0012173996
4.3000000000,-0.6529179143,-0.6516982749,0.0012196394
4.3050000000,-0.6516573206,-0.6504354691,0.0012218515
4.3100000000,-0.6503801008,-0.6491560649,0.0012240359
4.3150000000,-0.6490862884,-0.6478600960,0.0012261924
4.3200000000,-0.6477759175,-0.6465475964,0.0012283210
4.3250000000,-0.6464490225,-0.6452186008,0.0012304217
4.3300000000,-0.6451056382,-0.6438731438,0.0012324944
4.3350000000,-0.6437457999,-0.6425112609,0.0012345390
4.3400000000,-0.6423695431,-0.6411329876,0.0012365555
4.3450000000,-0.6409769039,-0.6397383602,0.0012385438
4.3500000000,-0.6395679188,-0.6383274150,0.0012405038
4.3550000000,-0.6381426245,-0.6369001890,0.0012424355
4.3600000000,-0.6367010584,-0.6354567195,0.0012443388
4.3650000000,-0.6352432579,-0.6339970442,0.0012462138
4.3700000000,-0.6337692612,-0.6325212010,0.0012480602
4.3750000000,-0.6322791067,-0.6310292287,0.0012498781
4.3800000000,-0.6307728332,-0.6295211659,0.0012516674
4.3850000000,-0.6292504800,-0.6279970519,0.0012534280
4.3900000000,-0.6277120865,-0.6264569265,0.0012551600
4.3950000000,-0.6261576929,-0.6249008297,0.0012568632
4.4000000000,-0.6245873395,-0.6233288020,0.0012585376
4.4050000000,-0.6230010672,-0.6217408841,0.0012601831
4.4100000000,-0.6213989170,-0.6201371173,0.0012617997
4.4150000000,-0.6197809307,-0.6185175433,0.0012633874
4.4200000000,-0.6181471500,-0.6168822040,0.0012649461
4.4250000000,-0.6164976174,-0.6152311418,0.0012664757
4.4300000000,-0.6148323756,-0.6135643995,0.0012679762
4.4350000000,-0.6131514678,-0.6118820202,0.0012694475
4.4400000000,-0.6114549373,-0.6101840476,0.0012708897
4.4450000000,-0.6097428281,-0.6084705255,0.0012723026
4.4500000000,-0.6080151845,-0.6067414982,0.0012736863
4.4550000000,-0.6062720511,-0.6049970105,0.0012750406
4.4600000000,-0.6045134729,-0.6032371074,0.0012763656
4.4650000000,-0.6027394954,-0.6014618343,0.0012776611
4.4700000000,-0.6009501642,-0.5996712370,0.0012789272
4.4750000000,-0.5991455257,-0.5978653619,0.0012801638
4.4800000000,-0.5973256262,-0.5960442554,0.0012813709
4.4850000000,-0.5954905128,-0.5942079645,0.0012825484
4.4900000000,-0.5936402327,-0.5923565364,0.0012836963
4.4950000000,-0.5917748335,-0.5904900190,0.0012848145
4.5000000000,-0.5898943633,-0.5886084603,0.0012859030
4.5050000000,-0.5879988705,-0.5867119086,0.0012869619
4.5100000000,-0.5860884038,-0.5848004129,0.0012879910
4.5150000000,-0.5841630124,-0.5828740222,0.0012889903
4.5200000000,-0.5822227458,-0.5809327860,0.0012899597
4.5250000000,-0.5802676538,-0.5789767544,0.0012908993
4.5300000000,-0.5782977866,-0.5770059775,0.0012918091
4.5350000000,-0.5763131949,-0.5750205060,0.0012926889
4.5400000000,-0.5743139296,-0.5730203908,0.0012935387
4.5450000000,-0.5723000419,-0.5710056833,0.0012943586
4.5500000000,-0.5702715837,-0.5689764352,0.0012951485
4.5550000000,-0.5682286069,-0.5669326986,0.0012959083
4.5600000000,-0.5661711638,-0.5648745257,0.0012966381
4.5650000000,-0.5640993073,-0.5628019695,0.0012973377
4.5700000000,-0.5620130904,-0.5607150831,0.0012980073
4.5750000000,-0.5599125665,-0.5586139198,0.0012986467
4.5800000000,-0.5577977895,-0.5564985336,0.0012992560
4.5850000000,-0.5556688136,-0.5543689785,0.0012998351
4.5900000000,-0.5535256931,-0.5522253092,0.0013003839
4.5950000000,-0.5513684829,-0.5500675804,0.0013009025
4.6000000000,-0.5491972383,-0.5478958474,0.0013013909
4.6050000000,-0.5470120147,-0.5457101658,0.0013018490
4.6100000000,-0.5448128681,-0.5435105914,0.0013022768
4.6150000000,-0.5425998547,-0.5412971804,0.0013026743
4.6200000000,-0.5403730309,-0.5390699895,0.0013030414
4.6250000000,-0.5381324538,-0.5368290756,0.0013033782
4.6300000000,-0.5358781805,-0.5345744958,0.0013036846
4.6350000000,-0.5336102686,-0.5323063079,0.0013039607
4.6400000000,-0.5313287760,-0.5300245697,0.0013042064
4.6450000000,-0.5290337610,-0.5277293394,0.0013044216
4.6500000000,-0.5267252821,-0.5254206757,0.0013046064
4.6550000000,-0.5244033983,-0.5230986375,0.0013047608
4.6600000000,-0.5220681687,-0.5207632840,0.0013048847
4.6650000000,-0.5197196530,-0.5184146748,0.0013049782
4.6700000000,-0.5173579109,-0.5160528697,0.0013050412
4.6750000000,-0.5149830028,-0.5136779291,0.0013050738
4.6800000000,-0.5125949892,-0.5112899134,0.0013050758
4.6850000000,-0.5101939308,-0.5088888834,0.0013050474
4.6900000000,-0.5077798889,-0.5064749005,0.0013049884
4.6950000000,-0.5053529250,-0.5040480261,0.0013048989
4.7000000000,-0.5029131009,-0.5016083220,0.0013047790
4.7050000000,-0.5004604787,-0.4991558503,0.0013046285
4.7100000000,-0.4979951209,-0.4966906735,0.0013044475
4.7150000000,-0.4955170902,-0.4942128543,0.0013042359
4.7200000000,-0.4930264497,-0.4917224558,0.0013039938
4.7250000000,-0.4905232627,-0.4892195414,0.0013037212
4.7300000000,-0.4880075929,-0.4867041748,0.0013034181
4.7350000000,-0.4854795044,-0.4841764200,0.0013030845
4.7400000000,-0.4829390614,-0.4816363412,0.0013027203
4.7450000000,-0.4803863286,-0.4790840030,0.0013023255
4.7500000000,-0.4778213707,-0.4765194704,0.0013019003
4.7550000000,-0.4752442531,-0.4739428086,0.0013014445
4.7600000000,-0.4726550412,-0.4713540830,0.0013009583
4.7650000000,-0.4700538009,-0.4687533594,0.0013004415
4.7700000000,-0.4674405981,-0.4661407039,0.0012998941
4.7750000000,-0.4648154993,-0.4635161830,0.0012993163
4.7800000000,-0.4621785712,-0.4608798632,0.0012987080
4.7850000000,-0.4595298808,-0.4582318115,0.0012980693
4.7900000000,-0.4568694952,-0.4555720952,0.0012974000
4.7950000000,-0.4541974821,-0.4529007818,0.0012967003
4.8000000000,-0.4515139092,-0.4502179392,0.0012959701
4.8050000000,-0.4488188448,-0.4475236354,0.0012952094
4.8100000000,-0.4461123571,-0.4448179387,0.0012944183
4.8150000000,-0.4433945149,-0.4421009180,0.0012935968
4.8200000000,-0.4406653870,-0.4393726421,0.0012927449
4.8250000000,-0.4379250429,-0.4366331802,0.0012918626
4.8300000000,-0.4351735518,-0.4338826019,0.0012909500
4.8350000000,-0.4324109837,-0.4311209768,0.0012900069
4.8400000000,-0.4296374086,-0.4283483751,0.0012890335
4.8450000000,-0.4268528968,-0.4255648670,0.0012880298
4.8500000000,-0.4240575189,-0.4227705232,0.0012869957
4.8550000000,-0.4212513458,-0.4199654143,0.0012859314
4.8600000000,-0.4184344485,-0.4171496117,0.0012848368
4.8650000000,-0.4156068985,-0.4143231865,0.0012837119
4.8700000000,-0.4127687674,-0.4114862105,0.0012825569
4.8750000000,-0.4099201271,-0.4086387555,0.0012813716
4.8800000000,-0.4070610498,-0.4057808937,0.0012801561
4.8850000000,-0.4041916079,-0.4029126975,0.0012789104
4.8900000000,-0.4013118741,-0.4000342395,0.0012776346
4.8950000000,-0.3984219214,-0.3971455927,0.0012763287
4.9000000000,-0.3955218228,-0.3942468301,0.0012749927
4.9050000000,-0.3926116518,-0.3913380252,0.0012736266
4.9100000000,-0.3896914821,-0.3884192516,0.0012722306
4.9150000000,-0.3867613877,-0.3854905833,0.0012708044
4.9200000000,-0.3838214426,-0.3825520943,0.0012693484
4.9250000000,-0.3808717214,-0.3796038590,0.0012678623
4.9300000000,-0.3779122986,-0.3766459522,0.0012663464
4.9350000000,-0.3749432490,-0.3736784485,0.0012648006
4.9400000000,-0.3719646480,-0.3707014231,0.0012632249
4.9450000000,-0.3689765707,-0.3677149513,0.0012616194
4.9500000000,-0.3659790928,-0.3647191088,0.0012599841
4.9550000000,-0.3629722902,-0.3617139711,0.0012583190
4.9600000000,-0.3599562387,-0.3586996145,0.0012566243
4.9650000000,-0.3569310148,-0.3556761150,0.0012548998
4.9700000000,-0.3538966949,-0.3526435492,0.0012531457
4.9750000000,-0.3508533558,-0.3496019938,0.0012513620
4.9800000000,-0.3478010743,-0.3465515256,0.0012495487
4.9850000000,-0.3447399277,-0.3434922218,0.0012477059
4.9900000000,-0.3416699933,-0.3404241597,0.0012458336
4.9950000000,-0.3385913488,-0.3373474169,0.0012439319
5.0000000000,-0.3355040718,-0.3342620711,0.0012420007
